id,first_name,last_name,email,phone
1,Randy,Davidek,rdavidek0@huffingtonpost.com,204-263-5212
2,Vere,Yakobovitz,vyakobovitz1@shutterfly.com,119-219-4113
3,Liv,Beamand,lbeamand2@devhub.com,682-836-8843
4,Freeland,Steckings,fsteckings3@princeton.edu,903-218-0712
5,Stephannie,Jentet,sjentet4@csmonitor.com,540-615-4746
6,Mellicent,Serraillier,mserraillier5@nifty.com,254-971-5994
7,Alexandre,Rulton,arulton6@unblog.fr,348-796-8994
8,Freddy,Darrigone,fdarrigone7@plala.or.jp,596-442-1340
9,Jedidiah,Conyer,jconyer8@bloglovin.com,564-149-3032
10,Ediva,McKeefry,emckeefry9@360.cn,452-819-2404
11,Albert,Vlasyev,avlasyeva@furl.net,737-994-4886
12,Rois,Cicci,rciccib@php.net,554-701-4612
13,Taddeo,Peakman,tpeakmanc@networksolutions.com,180-578-1182
14,Rory,Eckh,reckhd@cbc.ca,656-208-3043
15,Leland,Kinsley,lkinsleye@chronoengine.com,394-585-9858
16,Rubi,Barnet,rbarnetf@boston.com,681-315-9346
17,Shurlocke,Pyvis,spyvisg@dion.ne.jp,590-669-8980
18,Robin,Liddington,rliddingtonh@microsoft.com,881-134-8106
19,Layla,Larchier,llarchieri@sbwire.com,329-760-9587
20,Reider,Cathie,rcathiej@fastcompany.com,134-347-3946
21,Riordan,Armin,rarmink@bluehost.com,118-221-7926
22,Susana,Rutherford,srutherfordl@upenn.edu,369-105-2891
23,Beatrix,Woolmington,bwoolmingtonm@etsy.com,372-825-1570
24,Scarface,Hissett,shissettn@tripadvisor.com,636-300-5656
25,Parnell,Crowne,pcrowneo@imageshack.us,655-411-6035
26,Maximo,Tabert,mtabertp@telegraph.co.uk,958-943-7312
27,Roch,Riping,rripingq@feedburner.com,780-543-8082
28,Axel,Bhatia,abhatiar@census.gov,932-947-3757
29,Melissa,Franceschi,mfranceschis@posterous.com,571-444-1512
30,Chevy,Ohrt,cohrtt@nih.gov,939-673-6380
31,Lucias,Chadburn,lchadburnu@cargocollective.com,277-619-6001
32,Dav,Coenraets,dcoenraetsv@cbc.ca,760-757-1816
33,Kathrine,Pridie,kpridiew@cbsnews.com,681-755-0675
34,Demeter,Foffano,dfoffanox@wikipedia.org,414-159-0827
35,Hansiain,Wasmer,hwasmery@ycombinator.com,468-507-1067
36,Dom,Angeau,dangeauz@prweb.com,512-486-3323
37,Wilmer,Prudham,wprudham10@huffingtonpost.com,157-188-3575
38,Beryl,Dabnot,bdabnot11@domainmarket.com,688-559-6276
39,Aldous,Willcott,awillcott12@geocities.com,292-207-4240
40,Kleon,Whiffin,kwhiffin13@yahoo.com,749-904-5643
41,Cos,Cowcha,ccowcha14@unc.edu,146-952-6170
42,Elsinore,Seedman,eseedman15@google.cn,724-163-0672
43,Loraine,Cornbell,lcornbell16@sitemeter.com,953-104-7394
44,Levon,Dyer,ldyer17@hp.com,379-606-3774
45,Jacenta,Norsister,jnorsister18@vistaprint.com,904-382-7607
46,Caty,Marval,cmarval19@businesswire.com,840-137-6735
47,Fianna,Winterbottom,fwinterbottom1a@bloglines.com,180-736-9012
48,Julie,Ettritch,jettritch1b@reverbnation.com,616-941-8319
49,Janessa,Poultney,jpoultney1c@redcross.org,128-895-2401
50,Fleur,Orht,forht1d@ocn.ne.jp,315-168-1279
51,Natale,Bines,nbines1e@desdev.cn,217-155-8656
52,Danica,Rebbeck,drebbeck1f@lycos.com,182-741-2708
53,Paten,Duffyn,pduffyn1g@ftc.gov,168-308-7610
54,Cody,Loseke,closeke1h@unesco.org,137-664-4024
55,Raimondo,Start,rstart1i@g.co,881-948-0618
56,Valaree,Beminster,vbeminster1j@narod.ru,896-332-3526
57,Malynda,Gut,mgut1k@godaddy.com,871-638-4506
58,Gianna,Mulrenan,gmulrenan1l@utexas.edu,398-465-5271
59,Olivette,Larkcum,olarkcum1m@woothemes.com,426-779-4885
60,Goldia,Franck,gfranck1n@slashdot.org,393-359-9569
61,Murdoch,Manchett,mmanchett1o@lycos.com,276-262-5109
62,Denyse,Gaiford,dgaiford1p@studiopress.com,664-568-3751
63,Malinda,Manthorpe,mmanthorpe1q@php.net,813-242-0498
64,Adaline,Brunt,abrunt1r@indiatimes.com,355-572-4534
65,Jo-anne,Trynor,jtrynor1s@dropbox.com,594-362-3498
66,Arlana,Ben,aben1t@creativecommons.org,684-985-9257
67,Ezequiel,Fowlston,efowlston1u@tuttocitta.it,595-545-2089
68,Miguelita,Tringham,mtringham1v@samsung.com,602-958-6553
69,Constantina,Watt,cwatt1w@nih.gov,775-837-3428
70,Allan,Ruecastle,aruecastle1x@virginia.edu,316-920-8289
71,Lynna,Chater,lchater1y@google.it,115-416-8322
72,Gale,Raecroft,graecroft1z@photobucket.com,776-283-0990
73,Nathan,Michieli,nmichieli20@techcrunch.com,377-591-9544
74,Johan,St. Quentin,jstquentin21@opera.com,644-466-6550
75,Ernestine,Ricold,ericold22@opera.com,803-600-7179
76,Benita,Cope,bcope23@oaic.gov.au,383-216-2915
77,Horatia,Glassopp,hglassopp24@hhs.gov,106-367-1905
78,Prentiss,Sander,psander25@wikipedia.org,585-785-3190
79,Bertina,Fairbard,bfairbard26@joomla.org,409-955-7408
80,Jobyna,Hurche,jhurche27@nsw.gov.au,998-950-5339
81,Kahaleel,Ragat,kragat28@about.me,139-725-9918
82,Karissa,Koche,kkoche29@moonfruit.com,118-286-2359
83,Ainsley,Lonsbrough,alonsbrough2a@umich.edu,261-982-7346
84,Teirtza,Vandenhoff,tvandenhoff2b@creativecommons.org,553-959-5486
85,Maureene,Comi,mcomi2c@cyberchimps.com,532-547-0405
86,Wallas,Rolse,wrolse2d@wired.com,486-624-6778
87,Petrina,Newall,pnewall2e@sitemeter.com,563-870-3121
88,Devonne,Vigne,dvigne2f@marketwatch.com,676-423-3176
89,Lyn,Zylbermann,lzylbermann2g@china.com.cn,715-240-2206
90,Raoul,Murphey,rmurphey2h@google.cn,881-449-9154
91,Ivor,Dickens,idickens2i@ftc.gov,510-629-5745
92,Mallorie,Gunthorpe,mgunthorpe2j@independent.co.uk,520-847-0959
93,Murdoch,Navarre,mnavarre2k@msu.edu,946-717-2423
94,Maegan,Morriarty,mmorriarty2l@posterous.com,725-730-3634
95,Siffre,Tessier,stessier2m@51.la,757-589-2988
96,Tanny,Ettritch,tettritch2n@yolasite.com,999-463-2396
97,Ruby,Baigent,rbaigent2o@paypal.com,232-859-9474
98,Laughton,Clemetts,lclemetts2p@furl.net,152-611-0110
99,Dari,Keaveney,dkeaveney2q@baidu.com,755-508-9696
100,Lovell,Podbury,lpodbury2r@reference.com,500-563-2400
101,Blaine,Filson,bfilson2s@cnn.com,531-845-2939
102,Lacie,Glaisner,lglaisner2t@flickr.com,909-233-6294
103,Fayette,Saulter,fsaulter2u@elpais.com,421-973-4908
104,Bebe,Bromige,bbromige2v@narod.ru,817-718-0455
105,Patrick,Vasyushkhin,pvasyushkhin2w@gnu.org,622-877-3313
106,Eugine,Leydon,eleydon2x@japanpost.jp,199-882-0394
107,Clark,Bancroft,cbancroft2y@elegantthemes.com,405-645-2313
108,Vick,Pawlik,vpawlik2z@usa.gov,605-466-7250
109,Josee,Romayn,jromayn30@issuu.com,279-186-0332
110,Clerc,Mowle,cmowle31@google.co.uk,155-535-2639
111,Davidde,Glide,dglide32@army.mil,282-796-5509
112,Tracee,Piggens,tpiggens33@wordpress.org,799-840-8209
113,Bryn,Olivo,bolivo34@cafepress.com,372-465-2141
114,Rosemarie,Barthram,rbarthram35@yolasite.com,944-180-6040
115,Chelsie,Rushbrooke,crushbrooke36@samsung.com,403-947-6105
116,Darn,Coarser,dcoarser37@is.gd,499-457-6811
117,Angel,Garza,agarza38@51.la,379-269-6364
118,Rollin,Skypp,rskypp39@blinklist.com,441-760-3747
119,Dionisio,Maggiori,dmaggiori3a@indiegogo.com,967-255-4694
120,Adella,McGarrie,amcgarrie3b@house.gov,698-540-8556
121,Roanne,Sanders,rsanders3c@bing.com,192-189-4058
122,Florie,Bowyer,fbowyer3d@yolasite.com,916-494-3048
123,Jobyna,Raymen,jraymen3e@mac.com,730-964-2334
124,Danica,Lymbourne,dlymbourne3f@nature.com,162-541-2196
125,Pammi,Erbe,perbe3g@themeforest.net,223-449-8371
126,Jody,Spary,jspary3h@baidu.com,755-835-7492
127,Viole,Pridding,vpridding3i@diigo.com,881-464-6432
128,Nani,Manvell,nmanvell3j@npr.org,331-166-1695
129,Rolfe,Stollmeier,rstollmeier3k@mozilla.org,931-307-1455
130,Devy,Pincked,dpincked3l@oaic.gov.au,211-789-6300
131,Mattie,Boffey,mboffey3m@spiegel.de,773-679-6423
132,Phaidra,Greenhalgh,pgreenhalgh3n@mashable.com,992-491-5679
133,Neddy,Heild,nheild3o@jugem.jp,127-247-8882
134,Jeromy,Spence,jspence3p@mapy.cz,254-173-7049
135,Catha,Noice,cnoice3q@gravatar.com,767-795-3721
136,Cassandre,Kacheler,ckacheler3r@reverbnation.com,736-137-5307
137,Umberto,Pepys,upepys3s@topsy.com,812-684-4282
138,Sydney,Sandiford,ssandiford3t@ebay.com,447-182-0830
139,Marta,Pitkin,mpitkin3u@shareasale.com,804-394-2417
140,Daisey,Davids,ddavids3v@cdbaby.com,980-695-9017
141,Diena,Geist,dgeist3w@nasa.gov,731-699-6470
142,Margareta,Domotor,mdomotor3x@slashdot.org,423-234-7344
143,Mohandas,O'Cahill,mocahill3y@arizona.edu,366-133-1662
144,Merrill,Kretchmer,mkretchmer3z@miibeian.gov.cn,858-824-8227
145,Ashely,Clissett,aclissett40@so-net.ne.jp,113-942-1334
146,Delainey,Carefull,dcarefull41@goodreads.com,202-153-3914
147,Danice,Scimonelli,dscimonelli42@mlb.com,398-759-6657
148,Ambrosi,Pollie,apollie43@sogou.com,629-877-2566
149,Shawnee,Dugan,sdugan44@wikispaces.com,295-612-3256
150,Mano,Yellowley,myellowley45@multiply.com,222-181-2515
151,Timmy,Bagby,tbagby46@fastcompany.com,110-751-9637
152,Vivianna,ducarme,vducarme47@google.pl,865-127-5887
153,Aldridge,Baldassi,abaldassi48@joomla.org,243-262-8076
154,Spence,Alvarado,salvarado49@tumblr.com,234-970-2975
155,Kath,McVee,kmcvee4a@mail.ru,147-110-3647
156,Paddie,Elbourn,pelbourn4b@elegantthemes.com,904-530-2295
157,Dasha,Claisse,dclaisse4c@house.gov,523-385-1654
158,Sharline,Shortan,sshortan4d@disqus.com,610-291-9846
159,Angel,Tresise,atresise4e@hc360.com,651-137-2036
160,Cozmo,Ambrosini,cambrosini4f@sbwire.com,798-128-6051
161,Rufe,Pentony,rpentony4g@abc.net.au,134-727-3277
162,Doris,Berzin,dberzin4h@uiuc.edu,626-150-9381
163,Drucy,Vassel,dvassel4i@posterous.com,692-920-0555
164,Zonnya,McRitchie,zmcritchie4j@squidoo.com,492-231-2308
165,Sharona,Dodgson,sdodgson4k@marketwatch.com,713-983-4613
166,Joey,McMinn,jmcminn4l@statcounter.com,236-630-2416
167,Tallie,Lambourne,tlambourne4m@nature.com,462-332-3915
168,Ricard,Limb,rlimb4n@studiopress.com,176-753-3707
169,Barbaraanne,Ketton,bketton4o@barnesandnoble.com,336-317-2473
170,Chrystel,Kondratenko,ckondratenko4p@arizona.edu,881-223-9379
171,Myrtice,Ricardot,mricardot4q@imdb.com,129-438-7642
172,Genny,Gogan,ggogan4r@dailymotion.com,801-439-9108
173,Claire,Ganning,cganning4s@devhub.com,339-971-6541
174,Berti,Baldcock,bbaldcock4t@vistaprint.com,947-787-9675
175,Jaynell,Holdin,jholdin4u@yelp.com,731-679-4431
176,Nobe,Lowings,nlowings4v@ning.com,375-772-0608
177,Chantal,Harnwell,charnwell4w@amazon.co.uk,100-101-6474
178,Arley,Erie,aerie4x@ocn.ne.jp,550-247-5988
179,Luigi,Chiswell,lchiswell4y@twitpic.com,311-442-1509
180,Louise,Izakovitz,lizakovitz4z@google.nl,326-195-7909
181,Jayson,Bedborough,jbedborough50@patch.com,850-760-1802
182,Matteo,Shotter,mshotter51@qq.com,937-860-5001
183,Filberte,Tomkinson,ftomkinson52@cbsnews.com,421-176-7190
184,Caryn,Cringle,ccringle53@zdnet.com,846-777-4916
185,Madelin,Rechert,mrechert54@google.fr,328-851-1696
186,Brande,Unitt,bunitt55@stanford.edu,743-409-9529
187,Arlinda,Scamwell,ascamwell56@myspace.com,233-198-2113
188,Dyan,Tomaskov,dtomaskov57@newyorker.com,549-424-2054
189,Eveleen,Dowall,edowall58@craigslist.org,696-711-3526
190,Timofei,Berthe,tberthe59@discovery.com,701-743-1253
191,Maxim,Pretley,mpretley5a@uol.com.br,170-360-5918
192,Brenna,Scartifield,bscartifield5b@cafepress.com,222-974-0072
193,Merlina,Traynor,mtraynor5c@about.com,855-737-2894
194,Leanor,Baff,lbaff5d@npr.org,643-466-9780
195,Kanya,Balazot,kbalazot5e@geocities.com,933-562-7837
196,Davon,Goare,dgoare5f@reddit.com,550-507-0152
197,Luigi,McCome,lmccome5g@apache.org,693-528-6757
198,Ami,Wolpert,awolpert5h@rediff.com,699-471-1279
199,Lainey,Godly,lgodly5i@sourceforge.net,949-106-5802
200,Ina,Dowdeswell,idowdeswell5j@xinhuanet.com,861-855-0761
201,Bo,Dachs,bdachs5k@businessinsider.com,584-174-4284
202,Fabien,Jaszczak,fjaszczak5l@si.edu,594-430-1450
203,Corney,Harley,charley5m@salon.com,402-277-2592
204,Kanya,Steffan,ksteffan5n@ezinearticles.com,164-991-4816
205,Kath,Graveston,kgraveston5o@bloglines.com,226-948-0170
206,Joey,Smellie,jsmellie5p@ebay.co.uk,906-850-5591
207,Sig,Lyddiard,slyddiard5q@free.fr,428-875-8593
208,Keen,Meader,kmeader5r@yahoo.com,196-377-3440
209,Dalston,Carslake,dcarslake5s@dailymotion.com,868-484-5455
210,Nestor,Cummings,ncummings5t@diigo.com,811-553-1332
211,Francesco,Sallis,fsallis5u@gmpg.org,864-832-4284
212,Clarence,Gunningham,cgunningham5v@histats.com,812-354-9843
213,Hirsch,Romanski,hromanski5w@nhs.uk,228-660-7604
214,Fitz,Fozard,ffozard5x@tripadvisor.com,268-692-4999
215,Mauricio,Spottiswood,mspottiswood5y@pagesperso-orange.fr,602-125-9739
216,Miran,Pretsel,mpretsel5z@free.fr,503-930-6125
217,Emlyn,Brockley,ebrockley60@yellowbook.com,985-959-3123
218,Kelsey,Leverett,kleverett61@zimbio.com,986-295-5676
219,Salem,Aspy,saspy62@shinystat.com,238-799-7475
220,Bethanne,Rashleigh,brashleigh63@reuters.com,739-829-0295
221,Anna,Drieu,adrieu64@guardian.co.uk,627-842-4873
222,Gordy,Kondratenko,gkondratenko65@yahoo.com,719-520-7351
223,Nalani,Younglove,nyounglove66@cafepress.com,461-344-6415
224,Amabelle,Linskill,alinskill67@virginia.edu,983-843-6627
225,Drake,Correa,dcorrea68@typepad.com,721-364-2390
226,Paul,Hanstock,phanstock69@youku.com,322-374-1690
227,Wade,Vittore,wvittore6a@jigsy.com,536-431-1644
228,Waylin,Chesser,wchesser6b@infoseek.co.jp,884-688-5541
229,Arly,Buyers,abuyers6c@macromedia.com,878-538-9910
230,Dugald,Londing,dlonding6d@alibaba.com,579-973-2687
231,Fransisco,Dennerly,fdennerly6e@opensource.org,785-426-5547
232,Florina,Thoresbie,fthoresbie6f@ehow.com,135-770-8867
233,Kathye,de Quincey,kdequincey6g@tamu.edu,850-319-5534
234,Beck,Tsar,btsar6h@baidu.com,185-115-3142
235,Moritz,Jerdein,mjerdein6i@arizona.edu,889-560-0847
236,Sam,Ace,sace6j@psu.edu,221-523-1383
237,Dennet,Prebble,dprebble6k@dagondesign.com,368-677-4200
238,Kenn,Saph,ksaph6l@wiley.com,339-458-2440
239,Berkie,Scanterbury,bscanterbury6m@time.com,672-771-4026
240,Gabi,Godsmark,ggodsmark6n@newyorker.com,730-741-2209
241,Hamil,Swithenby,hswithenby6o@bloglines.com,328-194-0793
242,Marcy,Saby,msaby6p@purevolume.com,499-517-8384
243,Bessie,Matasov,bmatasov6q@weibo.com,600-436-5017
244,Fidelia,Ramelot,framelot6r@github.io,566-324-7840
245,Crichton,Harsnep,charsnep6s@dion.ne.jp,262-397-6296
246,Marlo,Blowne,mblowne6t@disqus.com,599-620-0544
247,Early,Mont,emont6u@xing.com,806-838-8821
248,Margie,Give,mgive6v@vk.com,601-239-4500
249,Duffy,Dagger,ddagger6w@jalbum.net,796-167-2395
250,Terese,Hackworthy,thackworthy6x@wix.com,240-845-8041
251,Verile,Tue,vtue6y@ted.com,630-828-8863
252,Tabbitha,Hinkins,thinkins6z@wordpress.com,806-731-2586
253,Gretna,Khalid,gkhalid70@phpbb.com,631-166-9125
254,Chaim,Medendorp,cmedendorp71@163.com,701-104-7882
255,Saidee,Lecointe,slecointe72@google.ru,130-307-0654
256,Adelheid,Veazey,aveazey73@google.ru,500-862-0291
257,Koral,Deveral,kdeveral74@artisteer.com,167-241-2903
258,Eleanore,Barrim,ebarrim75@buzzfeed.com,845-697-9902
259,Daphene,Farlamb,dfarlamb76@infoseek.co.jp,666-801-8093
260,Mildred,Leer,mleer77@ft.com,882-576-3187
261,Olivette,Baine,obaine78@dailymail.co.uk,975-621-9343
262,Anna-diana,D' Angelo,adangelo79@xing.com,577-747-8128
263,Kareem,Mertel,kmertel7a@dmoz.org,912-836-6961
264,Ruthy,Agglione,ragglione7b@skype.com,661-597-1096
265,Morissa,McNutt,mmcnutt7c@cpanel.net,723-959-2751
266,Gabi,Endon,gendon7d@github.io,448-882-8642
267,Anatola,Krauss,akrauss7e@netscape.com,521-400-2116
268,Richart,Vankeev,rvankeev7f@google.pl,892-323-4022
269,Jelene,Lockwood,jlockwood7g@engadget.com,385-669-1467
270,Nolie,Saffon,nsaffon7h@google.co.jp,625-933-3153
271,Larine,Hatherley,lhatherley7i@google.ca,739-619-6847
272,Bryan,McIan,bmcian7j@indiatimes.com,496-696-8812
273,Marillin,Sharnock,msharnock7k@house.gov,138-859-7953
274,Cross,Faughny,cfaughny7l@sun.com,661-161-3003
275,Anni,Pryer,apryer7m@cnbc.com,860-280-1153
276,Turner,Benediktovich,tbenediktovich7n@altervista.org,984-817-5766
277,Bud,Dowzell,bdowzell7o@wordpress.com,393-913-1597
278,Forester,De Maria,fdemaria7p@t-online.de,109-170-7043
279,Clevie,Juett,cjuett7q@bigcartel.com,988-447-3634
280,Loria,Grainge,lgrainge7r@reuters.com,700-296-1141
281,Fannie,Delete,fdelete7s@mediafire.com,779-662-8171
282,Curtice,De Filippo,cdefilippo7t@reuters.com,958-508-8002
283,Jolie,Wellwood,jwellwood7u@prlog.org,704-182-4424
284,Ryon,Coulson,rcoulson7v@dmoz.org,806-264-6455
285,Ailey,Arson,aarson7w@ebay.com,403-460-1592
286,Lawton,Trail,ltrail7x@miitbeian.gov.cn,917-819-3071
287,Herta,Geffen,hgeffen7y@bbb.org,880-967-0338
288,Helsa,McCrostie,hmccrostie7z@ucsd.edu,626-317-4013
289,Toby,Benedicto,tbenedicto80@hao123.com,938-804-6369
290,Sarge,Brunn,sbrunn81@ezinearticles.com,961-570-7385
291,Alf,Niccols,aniccols82@time.com,931-155-5703
292,Ermina,Tunstall,etunstall83@oracle.com,961-850-2864
293,Ravid,Rosenfarb,rrosenfarb84@csmonitor.com,525-311-2236
294,Phaedra,Maxweell,pmaxweell85@phpbb.com,306-296-0131
295,Adelind,D'Errico,aderrico86@scientificamerican.com,936-944-7367
296,Mimi,Bagehot,mbagehot87@examiner.com,814-563-9124
297,Alexandre,Milham,amilham88@hao123.com,608-905-5668
298,Addi,Downton,adownton89@deliciousdays.com,627-500-4153
299,Jamil,Sail,jsail8a@over-blog.com,661-602-6729
300,Randal,Getley,rgetley8b@blogger.com,207-449-2115
301,Pattie,Ciobotaru,pciobotaru8c@seattletimes.com,107-848-0293
302,Valdemar,Strowan,vstrowan8d@ted.com,171-935-0739
303,Neel,Horley,nhorley8e@ezinearticles.com,852-581-2191
304,Berkie,Wallbank,bwallbank8f@shareasale.com,744-394-8439
305,Julianna,Fateley,jfateley8g@amazon.co.uk,992-810-6405
306,Florella,Ramstead,framstead8h@i2i.jp,228-586-2115
307,Nerte,Jacob,njacob8i@bravesites.com,147-541-5938
308,Hendrika,Letson,hletson8j@shutterfly.com,658-477-1344
309,Truda,Legonidec,tlegonidec8k@bing.com,105-684-4585
310,Kris,Buttrum,kbuttrum8l@netscape.com,704-729-2254
311,Francene,Connett,fconnett8m@freewebs.com,136-364-1748
312,Rosalia,Brill,rbrill8n@eepurl.com,635-267-9476
313,Estele,Maleney,emaleney8o@nhs.uk,209-381-0165
314,Stevena,Yoselevitch,syoselevitch8p@ca.gov,679-605-5998
315,Wells,Dessant,wdessant8q@discuz.net,147-245-5642
316,Grenville,Bayne,gbayne8r@ca.gov,827-987-9876
317,Leone,Elgy,lelgy8s@who.int,681-225-9481
318,Elysia,Lowbridge,elowbridge8t@hugedomains.com,212-980-6952
319,Ailey,Morey,amorey8u@yale.edu,717-721-5940
320,Minda,Bewsy,mbewsy8v@china.com.cn,266-212-7117
321,Karisa,Molyneux,kmolyneux8w@salon.com,937-837-5636
322,Ginger,Castells,gcastells8x@guardian.co.uk,802-576-0808
323,Kerstin,Bedder,kbedder8y@bizjournals.com,723-790-6558
324,Orland,Seares,oseares8z@wordpress.com,682-384-9796
325,Ellen,Akroyd,eakroyd90@usatoday.com,739-897-9611
326,Reine,Michele,rmichele91@google.co.jp,808-964-1232
327,Corena,Veal,cveal92@nps.gov,874-462-4387
328,Parsifal,Meriot,pmeriot93@sfgate.com,340-226-1092
329,Elnar,Yven,eyven94@t-online.de,810-875-3516
330,Desiri,Caseri,dcaseri95@scientificamerican.com,141-770-1999
331,Antons,Sandeland,asandeland96@yellowpages.com,624-431-4617
332,Sophey,Wong,swong97@taobao.com,379-553-4914
333,Valaria,Murray,vmurray98@webmd.com,592-204-8772
334,Gail,McNulty,gmcnulty99@nbcnews.com,433-105-1425
335,Bryon,Abbison,babbison9a@technorati.com,325-874-2409
336,Gussie,Illing,gilling9b@independent.co.uk,853-767-4624
337,Nelson,Kordova,nkordova9c@whitehouse.gov,592-368-0895
338,Scarlett,Weatherby,sweatherby9d@uol.com.br,922-952-7595
339,Atalanta,Diemer,adiemer9e@seattletimes.com,960-693-2651
340,Rodi,Crosham,rcrosham9f@bing.com,207-641-8403
341,Libby,Sima,lsima9g@bloglovin.com,955-943-7025
342,Penrod,Swindley,pswindley9h@webnode.com,693-757-5499
343,Edd,Abrahamsen,eabrahamsen9i@businesswire.com,448-971-6766
344,Mariann,Vannucci,mvannucci9j@alexa.com,614-269-0209
345,Forest,Clatworthy,fclatworthy9k@yellowbook.com,402-878-5097
346,Tiphany,Shawcross,tshawcross9l@uiuc.edu,870-159-8649
347,Geno,O'Giany,gogiany9m@ibm.com,662-237-8683
348,Julie,Bannister,jbannister9n@thetimes.co.uk,995-423-4846
349,Damian,Goschalk,dgoschalk9o@baidu.com,604-992-2106
350,Doralyn,MacKniely,dmackniely9p@over-blog.com,699-512-8442
351,Lotti,Okenden,lokenden9q@friendfeed.com,852-345-7507
352,Dallas,Brayshay,dbrayshay9r@elpais.com,431-336-2353
353,Ilse,Adamsson,iadamsson9s@multiply.com,548-338-7920
354,Tanitansy,Melmore,tmelmore9t@mashable.com,431-578-3917
355,Kevan,Street,kstreet9u@soup.io,356-204-3583
356,Lizzy,Kroger,lkroger9v@furl.net,147-201-3723
357,Georgie,Callander,gcallander9w@woothemes.com,723-614-5659
358,Laraine,Pirolini,lpirolini9x@guardian.co.uk,966-131-2328
359,Ramona,Meo,rmeo9y@moonfruit.com,461-532-8063
360,Goraud,MacArthur,gmacarthur9z@cloudflare.com,658-397-4797
361,Philomena,Dincke,pdinckea0@mozilla.com,220-737-7452
362,Bord,Dymoke,bdymokea1@youtube.com,618-566-3308
363,Kingsly,Tellenbach,ktellenbacha2@si.edu,732-415-1627
364,Malva,Bohills,mbohillsa3@nifty.com,484-774-9182
365,Alaine,Lanston,alanstona4@theatlantic.com,812-951-5995
366,Duffie,Weatherup,dweatherupa5@rambler.ru,987-129-4651
367,Fredelia,Lilford,flilforda6@com.com,519-357-9424
368,Dana,Kondratovich,dkondratovicha7@behance.net,105-405-2822
369,Paddy,Gogin,pgogina8@yahoo.com,191-860-8112
370,Nina,Hammonds,nhammondsa9@blogtalkradio.com,134-209-1278
371,Dee,Peret,dperetaa@hibu.com,961-880-5755
372,Adrienne,Elwood,aelwoodab@businessweek.com,761-843-9122
373,Jobey,Monelle,jmonelleac@shop-pro.jp,715-552-2771
374,Dawna,Boswell,dboswellad@surveymonkey.com,225-793-1983
375,Doti,Buzzing,dbuzzingae@myspace.com,864-898-1181
376,Ellen,Simeonov,esimeonovaf@nytimes.com,343-760-0703
377,Millie,Cubbini,mcubbiniag@techcrunch.com,809-447-9195
378,Clair,Brittles,cbrittlesah@chicagotribune.com,670-821-4431
379,Alicia,Lestor,alestorai@typepad.com,375-960-6246
380,Aubrette,Dudson,adudsonaj@theglobeandmail.com,903-378-0655
381,Ginny,Kemster,gkemsterak@soundcloud.com,710-493-9267
382,George,Dodge,gdodgeal@slideshare.net,532-603-3212
383,Merrielle,Coucher,mcoucheram@redcross.org,196-439-6884
384,Lari,Hrinchenko,lhrinchenkoan@apple.com,958-450-0459
385,Marena,Pampling,mpamplingao@jimdo.com,716-189-9440
386,Jo-ann,Blockley,jblockleyap@hostgator.com,213-617-4058
387,Costanza,Motto,cmottoaq@cisco.com,102-225-0501
388,Fabien,Ford,ffordar@a8.net,455-211-4357
389,Mala,Baldry,mbaldryas@storify.com,358-452-7803
390,Grantley,MacCheyne,gmaccheyneat@whitehouse.gov,834-117-0543
391,Carine,Ullyatt,cullyattau@dagondesign.com,963-653-5825
392,Merrili,De Atta,mdeattaav@boston.com,501-432-6007
393,Shay,Clamp,sclampaw@123-reg.co.uk,453-964-3094
394,Corey,Heining,cheiningax@opensource.org,896-751-0533
395,Brnaba,McQuilkin,bmcquilkinay@amazon.de,975-361-7172
396,Harwell,Byrth,hbyrthaz@vk.com,670-706-5251
397,Tedmund,Lundie,tlundieb0@vkontakte.ru,517-650-8406
398,Hervey,Jandl,hjandlb1@ca.gov,299-949-0410
399,Nady,Burr,nburrb2@blogs.com,679-982-1346
400,Angy,Myers,amyersb3@wiley.com,387-959-1965
401,Gerianna,De la Barre,gdelabarreb4@webeden.co.uk,314-823-5975
402,Waneta,Semiras,wsemirasb5@time.com,739-840-8914
403,Doro,Caldero,dcalderob6@who.int,983-150-8552
404,Otho,Crotch,ocrotchb7@wikipedia.org,666-537-4657
405,Maurise,Grassi,mgrassib8@cnbc.com,238-487-3574
406,Regen,Kitteman,rkittemanb9@photobucket.com,925-883-4308
407,Rozelle,Leavold,rleavoldba@umn.edu,890-829-5098
408,Esdras,Selway,eselwaybb@flavors.me,617-628-8083
409,Kennan,Garoghan,kgaroghanbc@vkontakte.ru,371-586-4601
410,Bessie,Matfin,bmatfinbd@netscape.com,541-656-6597
411,Merell,Brislan,mbrislanbe@yellowbook.com,142-495-7106
412,Barbee,Larby,blarbybf@businesswire.com,384-299-9646
413,Verge,Lampens,vlampensbg@joomla.org,323-717-2695
414,Lorinda,Dinsell,ldinsellbh@engadget.com,529-674-8329
415,Donall,Randle,drandlebi@creativecommons.org,493-532-5849
416,Dom,Edgcumbe,dedgcumbebj@reddit.com,609-940-8438
417,Ariella,Skipsey,askipseybk@naver.com,934-971-6409
418,Leroi,MacCombe,lmaccombebl@google.co.jp,250-397-7629
419,Vasilis,Impson,vimpsonbm@uol.com.br,632-419-0674
420,Lindsy,Pitkeathley,lpitkeathleybn@simplemachines.org,505-172-6673
421,Fae,Gripton,fgriptonbo@csmonitor.com,269-461-1770
422,Noami,Wynn,nwynnbp@digg.com,606-717-4925
423,Quint,Pryce,qprycebq@123-reg.co.uk,303-445-4471
424,Torie,Cromar,tcromarbr@yellowpages.com,129-165-5118
425,Melisande,Hankard,mhankardbs@slashdot.org,263-199-8283
426,Jamesy,Wrench,jwrenchbt@unesco.org,469-639-1349
427,Northrop,Temlett,ntemlettbu@sphinn.com,447-854-9219
428,Ebonee,Carine,ecarinebv@ibm.com,596-473-0383
429,Emory,Eidler,eeidlerbw@usa.gov,953-667-1091
430,Shae,Markushkin,smarkushkinbx@blogtalkradio.com,191-112-2356
431,Felisha,Boosey,fbooseyby@furl.net,712-847-9049
432,Timmy,Dicey,tdiceybz@xrea.com,225-173-0775
433,Gerald,Klosterman,gklostermanc0@pbs.org,263-583-0143
434,Quinta,Cocozza,qcocozzac1@youtube.com,687-683-1214
435,Glennie,Grumell,ggrumellc2@naver.com,914-552-9571
436,Gusta,Lehr,glehrc3@jalbum.net,718-142-3337
437,Kendal,Fairlie,kfairliec4@archive.org,496-300-3823
438,Mary,Johnke,mjohnkec5@si.edu,126-312-2152
439,Ferd,MacCoughan,fmaccoughanc6@fema.gov,391-265-8948
440,Brantley,Gauchier,bgauchierc7@mashable.com,506-870-6205
441,Nadya,Crossan,ncrossanc8@techcrunch.com,400-230-3365
442,Yovonnda,Murname,ymurnamec9@blogs.com,921-248-1592
443,Jodi,Skip,jskipca@geocities.jp,505-572-2003
444,Elinor,Gildersleaves,egildersleavescb@123-reg.co.uk,886-718-7250
445,Zabrina,Dillintone,zdillintonecc@google.com.au,704-136-5144
446,Heall,Arkle,harklecd@constantcontact.com,430-291-2335
447,Quintina,Sincock,qsincockce@spotify.com,958-211-1216
448,Gaby,Parlour,gparlourcf@vimeo.com,157-782-7802
449,Sandor,Dowdle,sdowdlecg@amazonaws.com,462-179-3116
450,Andras,Puddle,apuddlech@mozilla.org,367-706-0935
451,Betsey,Laurisch,blaurischci@bloomberg.com,941-659-3179
452,Timofei,Orrah,torrahcj@mashable.com,296-663-5429
453,Audrey,Ellett,aellettck@artisteer.com,654-548-4642
454,Christoforo,Saph,csaphcl@list-manage.com,547-847-2619
455,Patrick,Pinnegar,ppinnegarcm@live.com,518-795-3262
456,Bobbe,Jostan,bjostancn@cpanel.net,677-599-3469
457,Giffer,Whelan,gwhelanco@ed.gov,605-499-9050
458,Maynord,Petchell,mpetchellcp@desdev.cn,541-247-1408
459,Nikki,Villiers,nvillierscq@un.org,147-499-9241
460,Tabby,Skelington,tskelingtoncr@artisteer.com,375-812-3605
461,Patricia,Casarino,pcasarinocs@tuttocitta.it,573-572-0383
462,Ronni,Traves,rtravesct@cmu.edu,689-872-0160
463,Natalina,Jaquiss,njaquisscu@macromedia.com,637-634-1797
464,Claudine,Hoonahan,choonahancv@msn.com,450-778-8006
465,Marys,Pirot,mpirotcw@people.com.cn,962-757-5716
466,Michelle,Hought,mhoughtcx@constantcontact.com,627-787-6131
467,Julee,Ayllett,jayllettcy@woothemes.com,399-970-2157
468,Byran,Jimson,bjimsoncz@springer.com,580-123-5930
469,Myra,Clemerson,mclemersond0@bloglines.com,398-711-8721
470,Eugenius,Matushevitz,ematushevitzd1@wix.com,661-650-1532
471,Judy,Rounding,jroundingd2@sciencedaily.com,820-362-0980
472,Reggi,Boxall,rboxalld3@globo.com,884-294-7034
473,Shelia,Gammons,sgammonsd4@woothemes.com,683-472-2268
474,Reine,Francesc,rfrancescd5@google.ru,229-897-5427
475,Othelia,Heisham,oheishamd6@latimes.com,331-766-1725
476,Edi,Whitlow,ewhitlowd7@tinyurl.com,243-881-7277
477,Aileen,Andersen,aandersend8@abc.net.au,822-670-2389
478,Gnni,Agar,gagard9@tumblr.com,669-558-7096
479,Silvie,Richardson,srichardsonda@oracle.com,901-301-0706
480,Mose,Keepence,mkeepencedb@t.co,809-648-2543
481,Mehetabel,Passler,mpasslerdc@usgs.gov,609-990-2340
482,Uriah,Eltun,ueltundd@pagesperso-orange.fr,540-880-3767
483,Henrie,Sutherden,hsutherdende@digg.com,343-676-1658
484,Mellisent,Whiteway,mwhitewaydf@skype.com,430-728-2454
485,Bonnibelle,Tindle,btindledg@auda.org.au,576-970-8982
486,Cathy,Corrao,ccorraodh@meetup.com,606-674-7331
487,Arly,Driscoll,adriscolldi@marketwatch.com,861-178-7518
488,Rebeca,Marin,rmarindj@nba.com,194-475-8551
489,Alexandre,Antonazzi,aantonazzidk@spotify.com,480-778-0844
490,Niel,Halso,nhalsodl@wufoo.com,115-533-2565
491,Kanya,Webb-Bowen,kwebbbowendm@linkedin.com,353-192-2434
492,Ddene,Gut,dgutdn@umn.edu,946-787-3883
493,Chariot,Edgell,cedgelldo@qq.com,112-195-3968
494,Yalonda,Borthram,yborthramdp@harvard.edu,281-522-1021
495,Leo,Jagoe,ljagoedq@flickr.com,736-439-6651
496,Petr,Shergold,pshergolddr@elegantthemes.com,864-227-1168
497,Kerri,Dounbare,kdounbareds@msn.com,247-550-8248
498,Phyllis,Iggulden,pigguldendt@i2i.jp,983-860-2579
499,Maynord,Hryncewicz,mhryncewiczdu@unc.edu,998-204-5763
500,Aggy,Asif,aasifdv@patch.com,198-884-1949
501,Adara,Phippard,aphipparddw@dropbox.com,601-577-2414
502,Alberta,Heindrich,aheindrichdx@e-recht24.de,614-747-7805
503,Florentia,Kubecka,fkubeckady@godaddy.com,941-973-5735
504,Sergent,Sign,ssigndz@cisco.com,784-489-2569
505,Kimbell,Sexcey,ksexceye0@nymag.com,931-750-4404
506,Darin,Slessor,dslessore1@themeforest.net,911-384-6840
507,Penny,Jeffes,pjeffese2@ifeng.com,199-892-4460
508,Homerus,De Ruggiero,hderuggieroe3@sohu.com,537-714-2330
509,Hollie,Challener,hchallenere4@opera.com,472-602-1391
510,Hedvig,Moultrie,hmoultriee5@drupal.org,903-991-9497
511,Kiri,Kohneke,kkohnekee6@123-reg.co.uk,214-691-1238
512,Jakie,Callard,jcallarde7@discuz.net,449-877-8233
513,Brendin,Heap,bheape8@kickstarter.com,583-430-9412
514,Royal,O' Byrne,robyrnee9@i2i.jp,852-823-2652
515,Woodrow,Van Geffen,wvangeffenea@is.gd,287-337-6933
516,Erica,Beeke,ebeekeeb@admin.ch,357-653-3672
517,Red,Thomazet,rthomazetec@hc360.com,937-739-2740
518,Nathan,Hatley,nhatleyed@senate.gov,836-446-2811
519,Myrtle,Huffadine,mhuffadineee@xing.com,545-569-5334
520,Bastien,Huertas,bhuertasef@com.com,892-800-3982
521,Galvan,Munkton,gmunktoneg@github.io,589-426-0296
522,Forster,Ditchfield,fditchfieldeh@skyrock.com,152-389-6983
523,Louella,Cescoti,lcescotiei@networksolutions.com,602-855-5494
524,Sig,Bulcroft,sbulcroftej@nationalgeographic.com,245-303-2141
525,Aube,MacParlan,amacparlanek@histats.com,787-912-8441
526,Pamelina,Landrean,plandreanel@mit.edu,923-189-4562
527,Britteny,Lared,blaredem@furl.net,830-771-2340
528,Julissa,Morson,jmorsonen@privacy.gov.au,105-637-9080
529,Ryon,Fearne,rfearneeo@toplist.cz,792-750-8195
530,Tomi,Mew,tmewep@multiply.com,979-128-7908
531,Silvia,Crooks,scrookseq@sina.com.cn,102-832-5007
532,Charleen,Golder,cgolderer@360.cn,387-192-6451
533,Hyacinthie,Omar,homares@answers.com,243-371-2692
534,Stephenie,Burker,sburkeret@ocn.ne.jp,958-880-9941
535,Isacco,Earles,iearleseu@intel.com,198-976-9282
536,Douglas,Reek,dreekev@icio.us,886-941-9450
537,Whitaker,Weathey,wweatheyew@google.ru,219-188-2329
538,Annabelle,Annice,aanniceex@spotify.com,630-229-0974
539,Augustine,Philipp,aphilippey@cbslocal.com,424-923-8885
540,Jilly,Alexandrescu,jalexandrescuez@kickstarter.com,320-159-1789
541,Cassandra,Hatton,chattonf0@telegraph.co.uk,981-302-8882
542,Kalina,Perott,kperottf1@examiner.com,105-723-8311
543,Hildegarde,Doughartie,hdoughartief2@joomla.org,310-409-6160
544,Tod,Troillet,ttroilletf3@jalbum.net,374-835-2863
545,Jada,Dobrovsky,jdobrovskyf4@over-blog.com,851-727-3326
546,Paige,Livingston,plivingstonf5@google.com.br,497-108-5495
547,Ezmeralda,Skehan,eskehanf6@apple.com,134-479-9291
548,Skippy,Gornall,sgornallf7@vinaora.com,195-277-9859
549,Marita,Blamire,mblamiref8@lycos.com,465-150-4963
550,Fidelia,Cuseck,fcuseckf9@reddit.com,178-200-2159
551,Nial,Rilton,nriltonfa@myspace.com,313-786-5724
552,Amandi,Ravelus,aravelusfb@msn.com,285-546-3786
553,Murry,Chamney,mchamneyfc@moonfruit.com,385-602-9227
554,Ira,Mougeot,imougeotfd@businessweek.com,909-429-0338
555,Hildegarde,Vedeneev,hvedeneevfe@washington.edu,701-534-0247
556,Rudie,Odgaard,rodgaardff@yelp.com,937-194-5938
557,Odell,Bayman,obaymanfg@hatena.ne.jp,652-856-5186
558,Darrelle,Taffs,dtaffsfh@myspace.com,906-217-2194
559,Chucho,Zorzini,czorzinifi@photobucket.com,896-290-4044
560,Marsha,Makinson,mmakinsonfj@dmoz.org,556-336-8783
561,Abraham,Proske,aproskefk@cyberchimps.com,113-541-9357
562,Gayle,Paddon,gpaddonfl@wordpress.org,537-723-7496
563,Malvina,Abrahamian,mabrahamianfm@nasa.gov,154-821-3524
564,Vivi,Eschelle,veschellefn@nsw.gov.au,334-634-8350
565,Melvyn,Handling,mhandlingfo@altervista.org,398-824-9316
566,Velvet,Marwick,vmarwickfp@oracle.com,810-621-1558
567,Ermin,Willerson,ewillersonfq@indiegogo.com,496-155-4400
568,Jessa,Burgise,jburgisefr@wp.com,564-752-6074
569,Marijo,Skelton,mskeltonfs@fotki.com,389-785-4161
570,Nicolas,Balshen,nbalshenft@vinaora.com,693-685-7939
571,Kerby,Pascoe,kpascoefu@economist.com,249-146-5793
572,Bunnie,Meadway,bmeadwayfv@google.ru,265-631-7416
573,Beverlee,Caley,bcaleyfw@bigcartel.com,894-564-8719
574,Audy,Kinner,akinnerfx@miitbeian.gov.cn,275-879-5379
575,Phyllida,Roycroft,proycroftfy@smugmug.com,113-157-6507
576,Stefa,Thomassin,sthomassinfz@google.ru,558-823-2987
577,Sigismond,Thurby,sthurbyg0@virginia.edu,582-170-8737
578,Mariska,Pears,mpearsg1@usnews.com,519-409-6214
579,Nollie,de Juares,ndejuaresg2@hhs.gov,352-697-2597
580,Jakie,Garlant,jgarlantg3@ox.ac.uk,414-960-4091
581,Korey,Hrinchenko,khrinchenkog4@mapy.cz,193-237-4095
582,Carri,Boutwell,cboutwellg5@wix.com,715-161-9574
583,Jelene,Gartshore,jgartshoreg6@1und1.de,692-766-4137
584,Shurwood,Caston,scastong7@cbc.ca,810-385-3891
585,Gladi,Bessant,gbessantg8@ifeng.com,242-937-1323
586,Brandtr,Uzelli,buzellig9@google.fr,123-627-8896
587,Augie,Cryer,acryerga@usatoday.com,147-578-9605
588,Costanza,Spelwood,cspelwoodgb@unblog.fr,464-832-8498
589,Esra,De Few,edefewgc@google.ca,577-805-2291
590,Alene,Vernay,avernaygd@prweb.com,589-263-2837
591,Jacquenetta,Jako,jjakoge@google.pl,661-911-7592
592,Corabella,Sauniere,csaunieregf@craigslist.org,319-617-8133
593,Melly,Clavey,mclaveygg@cisco.com,832-209-7029
594,Brendin,Escolme,bescolmegh@hao123.com,986-875-2474
595,Mae,Cottem,mcottemgi@sciencedirect.com,458-113-7464
596,Truda,Rudd,truddgj@spotify.com,175-688-0545
597,Beth,Tours,btoursgk@goo.gl,796-420-0773
598,Arnie,Fensome,afensomegl@engadget.com,103-386-5230
599,Jammie,Retter,jrettergm@chron.com,622-765-1417
600,Mariam,Jannings,mjanningsgn@examiner.com,433-926-6984
601,Clair,Berndtsson,cberndtssongo@utexas.edu,365-674-7332
602,Cosetta,Bebbell,cbebbellgp@baidu.com,800-138-1337
603,Madelle,Sedger,msedgergq@youtu.be,625-591-2470
604,Gan,Antonchik,gantonchikgr@army.mil,645-979-4664
605,Cayla,Reinbeck,creinbeckgs@mapy.cz,444-650-6241
606,Orton,McKinnon,omckinnongt@bloglines.com,252-776-9942
607,Bernelle,Derrick,bderrickgu@de.vu,807-718-5624
608,Richart,Levine,rlevinegv@4shared.com,464-737-8370
609,Jacynth,Cicchinelli,jcicchinelligw@senate.gov,911-773-6493
610,Karylin,Saunter,ksauntergx@hc360.com,351-917-7938
611,Waverly,Anyon,wanyongy@washington.edu,242-595-3819
612,Addy,Chandler,achandlergz@weibo.com,113-452-8482
613,Ferdy,Popland,fpoplandh0@infoseek.co.jp,288-256-9938
614,Ellis,Ivanenko,eivanenkoh1@altervista.org,349-555-6754
615,Faith,Craven,fcravenh2@amazon.co.jp,989-838-6764
616,Shawn,Arnault,sarnaulth3@vistaprint.com,260-387-0616
617,Alfie,Etherton,aethertonh4@ucoz.ru,518-587-2892
618,Nita,Flea,nfleah5@studiopress.com,569-744-7227
619,Allyn,Mabley,amableyh6@dot.gov,715-598-0027
620,Boothe,Chippendale,bchippendaleh7@gizmodo.com,406-868-0261
621,Valle,Quakley,vquakleyh8@slate.com,272-410-4570
622,Carey,Ricioppo,cricioppoh9@gizmodo.com,340-524-0642
623,Cointon,Lintin,clintinha@vistaprint.com,646-526-4066
624,Cassandra,Storre,cstorrehb@auda.org.au,920-219-5063
625,Estelle,Tiddeman,etiddemanhc@indiegogo.com,577-425-2532
626,Eunice,Werner,ewernerhd@ted.com,896-635-3864
627,Faina,Mower,fmowerhe@themeforest.net,399-354-0592
628,Chris,Drohun,cdrohunhf@usgs.gov,456-282-0694
629,Matthias,Dumbrill,mdumbrillhg@symantec.com,947-270-7699
630,Celeste,Vise,cvisehh@twitter.com,916-710-7636
631,Carolyne,Moss,cmosshi@whitehouse.gov,236-101-4973
632,Tatiania,Serchwell,tserchwellhj@ucla.edu,835-585-9789
633,Hilton,Marrable,hmarrablehk@rambler.ru,727-779-6224
634,Otto,Altofts,oaltoftshl@fotki.com,923-528-6532
635,Vittoria,Gumly,vgumlyhm@fastcompany.com,870-698-3183
636,Zane,Heel,zheelhn@marriott.com,675-519-8562
637,Urbain,Mitham,umithamho@weather.com,503-315-3725
638,Phyllida,Beat,pbeathp@squidoo.com,157-795-4540
639,Hans,Pocklington,hpocklingtonhq@java.com,789-129-3820
640,Ellary,Morfield,emorfieldhr@businessweek.com,123-847-8799
641,Gilberta,Sieb,gsiebhs@yellowbook.com,904-885-3365
642,Kort,Gyse,kgyseht@vinaora.com,453-327-0546
643,Mack,Stoffersen,mstoffersenhu@lycos.com,448-557-9039
644,Robert,Patzelt,rpatzelthv@huffingtonpost.com,245-654-0684
645,Pinchas,Beeton,pbeetonhw@discuz.net,265-726-6235
646,Nelly,Matuszyk,nmatuszykhx@cdbaby.com,137-533-3648
647,Archibald,Bourdice,abourdicehy@hexun.com,394-139-0511
648,Candis,Garwell,cgarwellhz@slate.com,325-889-4897
649,Pennie,Spare,psparei0@cisco.com,772-987-4394
650,Haydon,Frizzell,hfrizzelli1@wikia.com,418-814-6055
651,Ulrike,Bakes,ubakesi2@economist.com,619-882-9477
652,Constantin,Sheryne,csherynei3@spiegel.de,499-466-0722
653,Rudolf,Lawrinson,rlawrinsoni4@webnode.com,280-447-6879
654,Winonah,Yann,wyanni5@nasa.gov,145-525-3618
655,Melosa,Tristram,mtristrami6@phpbb.com,496-552-0252
656,Nikolas,Frany,nfranyi7@va.gov,943-468-8088
657,Dimitry,Coppledike,dcoppledikei8@yandex.ru,302-722-0606
658,Mavis,Chinge de Hals,mchingedehalsi9@omniture.com,392-583-0151
659,Beilul,Eefting,beeftingia@java.com,652-341-0778
660,Obie,Windridge,owindridgeib@blogs.com,942-272-2373
661,Veronika,Jayume,vjayumeic@devhub.com,563-273-1774
662,Garey,McQuilliam,gmcquilliamid@msn.com,681-518-2057
663,Harley,Rydzynski,hrydzynskiie@mac.com,755-298-2453
664,Wye,Hebson,whebsonif@sogou.com,648-736-7588
665,Olivia,Greenhalgh,ogreenhalghig@jiathis.com,629-491-4474
666,Luce,Slane,lslaneih@rambler.ru,859-591-7629
667,Eda,Otley,eotleyii@oaic.gov.au,318-682-4276
668,Sanderson,Birrane,sbirraneij@utexas.edu,777-643-9998
669,Quill,Barttrum,qbarttrumik@php.net,354-959-3047
670,Moria,Cambling,mcamblingil@yandex.ru,928-251-2191
671,Farly,Guerrazzi,fguerrazziim@list-manage.com,832-356-4932
672,Consalve,Ching,cchingin@mozilla.com,950-154-1443
673,Emiline,Dewicke,edewickeio@businessweek.com,264-968-9231
674,Raye,Woodlands,rwoodlandsip@bizjournals.com,862-973-3975
675,Giacobo,Cray,gcrayiq@merriam-webster.com,846-870-6806
676,Maris,Aizikowitz,maizikowitzir@columbia.edu,783-655-4956
677,Bobbye,Dorton,bdortonis@tripadvisor.com,626-585-0780
678,Lenard,Helliker,lhellikerit@miitbeian.gov.cn,668-688-0530
679,Agatha,Iddison,aiddisoniu@ucla.edu,843-313-1454
680,Timmie,MacGragh,tmacgraghiv@sfgate.com,616-584-8407
681,Janetta,Kitchenside,jkitchensideiw@google.com,901-809-2538
682,Cherianne,Egre,cegreix@usatoday.com,384-560-4683
683,Zerk,Wherry,zwherryiy@ihg.com,621-715-4871
684,Jewel,Camelli,jcamelliiz@nyu.edu,238-375-2726
685,Rusty,Banstead,rbansteadj0@google.co.jp,808-299-4313
686,Lindsay,Ivanusyev,livanusyevj1@linkedin.com,627-546-7887
687,Sinclair,Have,shavej2@shinystat.com,819-448-9241
688,Lindi,Lalor,llalorj3@skype.com,506-748-5090
689,Ciro,Merrell,cmerrellj4@amazon.co.jp,513-223-3468
690,Thurstan,Grimsey,tgrimseyj5@mlb.com,123-782-6093
691,Vikki,Thackston,vthackstonj6@pbs.org,100-864-8737
692,Breena,Rubbert,brubbertj7@etsy.com,387-335-7295
693,Kyle,Laux,klauxj8@reuters.com,188-837-5177
694,Gradey,Gather,ggatherj9@free.fr,411-432-4074
695,Marijn,Matyja,mmatyjaja@accuweather.com,677-451-5648
696,Rubetta,Wilks,rwilksjb@skyrock.com,939-220-7304
697,Dody,O'Kinneally,dokinneallyjc@reference.com,299-372-7248
698,Garrot,Melvin,gmelvinjd@posterous.com,377-902-8335
699,Amabelle,Lindsell,alindsellje@linkedin.com,720-124-8363
700,Pedro,Linklet,plinkletjf@photobucket.com,357-970-8349
701,Inez,Platt,iplattjg@trellian.com,634-822-0697
702,Berti,Paull,bpaulljh@baidu.com,185-427-1976
703,Herminia,Vondrak,hvondrakji@cbc.ca,561-769-3328
704,Courtnay,Clarricoates,cclarricoatesjj@storify.com,507-686-2261
705,Natal,Gebhardt,ngebhardtjk@rakuten.co.jp,318-827-0454
706,Mina,Giraudo,mgiraudojl@gnu.org,811-107-3282
707,Filia,Batts,fbattsjm@cnet.com,132-526-4800
708,Jefferson,Bucher,jbucherjn@oakley.com,246-294-0090
709,Burtie,Flukes,bflukesjo@google.co.uk,785-129-8513
710,Cammi,Rudram,crudramjp@utexas.edu,111-893-6186
711,Linnie,Northridge,lnorthridgejq@dropbox.com,577-768-4395
712,Karmen,Maisey,kmaiseyjr@sourceforge.net,487-299-8346
713,Dagny,Schaffel,dschaffeljs@paginegialle.it,469-636-1164
714,Emelita,Clementi,eclementijt@gizmodo.com,429-456-8593
715,Garrott,Cowherd,gcowherdju@woothemes.com,263-337-8923
716,Monica,Le Gallo,mlegallojv@histats.com,613-980-5048
717,Quent,Merigot,qmerigotjw@merriam-webster.com,866-597-3948
718,Dyann,Westrey,dwestreyjx@springer.com,592-602-3187
719,Ikey,Gaythor,igaythorjy@goodreads.com,952-642-8641
720,Kerry,Norquay,knorquayjz@123-reg.co.uk,634-409-6362
721,Rhianon,Manion,rmanionk0@yahoo.co.jp,304-926-1582
722,Thorpe,Woodhead,twoodheadk1@mlb.com,401-865-3782
723,Lyle,Moylan,lmoylank2@sun.com,776-976-0392
724,Virgilio,Sukbhans,vsukbhansk3@google.com.hk,507-292-0385
725,Noam,Pudner,npudnerk4@phoca.cz,750-699-0263
726,Kacie,Waulker,kwaulkerk5@alibaba.com,264-688-3050
727,Fanny,Linfoot,flinfootk6@disqus.com,842-620-0706
728,Micah,Gander,mganderk7@usda.gov,301-447-3982
729,Madalena,Geydon,mgeydonk8@netscape.com,492-263-1717
730,Pris,Ainger,paingerk9@google.com.au,924-961-0466
731,Berkley,Easlea,beasleaka@wordpress.com,540-791-0716
732,Sim,Marcinkus,smarcinkuskb@amazon.co.jp,560-963-6194
733,Gualterio,Virgoe,gvirgoekc@cdbaby.com,168-945-7623
734,Wallie,MacTimpany,wmactimpanykd@nymag.com,668-217-0140
735,Chev,Brocket,cbrocketke@sciencedirect.com,404-745-9277
736,Hailee,Sammes,hsammeskf@netscape.com,683-253-0023
737,Kristoforo,Pigne,kpignekg@intel.com,531-189-7267
738,Torre,Goodlake,tgoodlakekh@prlog.org,678-942-0405
739,Dallas,Acey,daceyki@php.net,160-855-3672
740,Tobias,Stoller,tstollerkj@hp.com,415-634-7489
741,Jerrylee,Deas,jdeaskk@merriam-webster.com,566-448-0310
742,Yorgos,Marlon,ymarlonkl@hibu.com,567-748-2076
743,Darsey,McLeoid,dmcleoidkm@github.io,287-403-0786
744,Genny,Huckle,ghucklekn@canalblog.com,635-582-0967
745,Selena,Babe,sbabeko@who.int,447-408-0054
746,Fielding,Dawltrey,fdawltreykp@wordpress.com,885-846-6335
747,Archibold,Ormonde,aormondekq@baidu.com,538-785-8126
748,Rora,Rosengart,rrosengartkr@cnn.com,749-533-5565
749,Dylan,Eyeington,deyeingtonks@irs.gov,704-270-5110
750,Hamil,McAree,hmcareekt@wired.com,587-577-7903
751,Kipp,Ende,kendeku@bizjournals.com,908-822-2551
752,Moritz,Twine,mtwinekv@theglobeandmail.com,526-427-8140
753,Heidie,Busch,hbuschkw@wikispaces.com,293-999-6483
754,Catie,Rickaby,crickabykx@bbb.org,891-863-8093
755,Nathanil,Quarton,nquartonky@ow.ly,463-725-0972
756,Felike,Rosenstock,frosenstockkz@upenn.edu,385-732-9705
757,Bronnie,L'Amie,blamiel0@techcrunch.com,511-610-0874
758,Penny,McGraw,pmcgrawl1@vk.com,780-841-7600
759,Montgomery,Izacenko,mizacenkol2@tamu.edu,883-334-8921
760,Donnie,Sibbit,dsibbitl3@mtv.com,124-117-5292
761,Jasper,Ferneley,jferneleyl4@howstuffworks.com,979-854-6696
762,Bruce,Antal,bantall5@columbia.edu,908-695-3076
763,Dionisio,Lannin,dlanninl6@google.nl,280-102-2913
764,Budd,O'Shee,bosheel7@mail.ru,417-835-8277
765,Silvain,Dew,sdewl8@mlb.com,787-893-6505
766,Romona,Francino,rfrancinol9@earthlink.net,844-867-2669
767,Jill,Clemes,jclemesla@businessinsider.com,173-676-1097
768,Sacha,Willcox,swillcoxlb@vinaora.com,467-362-8638
769,Carley,Musicka,cmusickalc@mysql.com,664-425-3558
770,Flem,Tanman,ftanmanld@chron.com,366-259-3196
771,Wilfrid,Robbel,wrobbelle@yellowpages.com,415-234-0085
772,Ethe,Lepick,elepicklf@usa.gov,764-722-7256
773,Avrit,Moyers,amoyerslg@github.io,416-885-7492
774,Giovanna,Alu,galulh@sciencedirect.com,189-394-1406
775,Maud,Blethyn,mblethynli@twitpic.com,178-229-9623
776,Dana,Lanchester,dlanchesterlj@si.edu,590-785-6051
777,Terese,Teulier,tteulierlk@github.com,868-744-9935
778,Jenda,Crosskill,jcrosskillll@histats.com,160-203-7745
779,Jule,Peddersen,jpeddersenlm@ask.com,338-936-8052
780,Tedie,Mifflin,tmifflinln@redcross.org,709-439-2639
781,Rodrick,Coleford,rcolefordlo@squidoo.com,833-930-3871
782,Bamby,Restall,brestalllp@google.co.uk,253-734-0458
783,Randolph,Dechelette,rdechelettelq@state.gov,934-166-6332
784,Klara,Sansam,ksansamlr@washington.edu,256-133-2266
785,Jenifer,Cromer,jcromerls@theguardian.com,673-159-3442
786,Mitzi,Tollerton,mtollertonlt@vinaora.com,431-525-3438
787,Rouvin,Heigold,rheigoldlu@reference.com,644-771-1383
788,Tate,Snelson,tsnelsonlv@taobao.com,950-806-7321
789,Zorina,Phelp,zphelplw@businessinsider.com,579-924-4386
790,Meredith,Rushsorth,mrushsorthlx@wordpress.com,615-909-3963
791,Lindsey,Todeo,ltodeoly@uiuc.edu,738-810-7681
792,Demetris,Embra,dembralz@bbb.org,214-572-6400
793,Berton,Lennie,blenniem0@state.gov,552-610-9768
794,Land,Eldon,leldonm1@umn.edu,869-634-8470
795,Nealy,Simmen,nsimmenm2@g.co,643-894-2482
796,Cally,Happert,chappertm3@facebook.com,361-760-5885
797,Delila,Varnam,dvarnamm4@canalblog.com,151-856-0916
798,Mycah,Klulisek,mklulisekm5@comcast.net,101-532-0320
799,Free,Skipton,fskiptonm6@oakley.com,177-385-6050
800,Petronia,Jellings,pjellingsm7@flickr.com,963-545-3317
801,Gussy,Hutchinges,ghutchingesm8@taobao.com,511-888-2435
802,Dorri,Murfett,dmurfettm9@example.com,549-460-2149
803,George,Petr,gpetrma@xing.com,810-734-4773
804,Norbert,Rallinshaw,nrallinshawmb@dailymotion.com,250-941-5488
805,Jolyn,Laidler,jlaidlermc@webeden.co.uk,712-600-0191
806,Goldina,Rodden,groddenmd@soup.io,577-259-8212
807,Bethany,Bambrick,bbambrickme@vistaprint.com,244-859-0803
808,Miquela,Hurles,mhurlesmf@dmoz.org,486-565-4927
809,Bryce,Gallety,bgalletymg@youtu.be,807-790-7561
810,Lira,Semaine,lsemainemh@ask.com,638-424-4690
811,Kellen,Gallichiccio,kgallichicciomi@nymag.com,409-267-2618
812,Wendy,Mearing,wmearingmj@wikispaces.com,502-944-4329
813,Truda,Mathou,tmathoumk@narod.ru,910-297-3807
814,Brigham,De Ruel,bderuelml@scribd.com,707-389-6105
815,Felipe,Carroll,fcarrollmm@ca.gov,505-468-6693
816,Phil,Scroggie,pscroggiemn@discovery.com,853-245-9284
817,Cecily,Wyld,cwyldmo@google.pl,886-835-8072
818,Ursula,Aime,uaimemp@sbwire.com,558-356-7537
819,Arabela,Shakespear,ashakespearmq@cmu.edu,313-527-3080
820,Kessia,Begent,kbegentmr@indiatimes.com,253-322-2919
821,Gwendolen,Manuaud,gmanuaudms@weibo.com,283-436-7625
822,Brannon,Quested,bquestedmt@cornell.edu,683-309-7795
823,Collen,Murdy,cmurdymu@constantcontact.com,400-578-8375
824,Queenie,Hane,qhanemv@businessweek.com,899-331-1427
825,Seka,Gant,sgantmw@mlb.com,412-854-4883
826,Kristel,Daldan,kdaldanmx@chronoengine.com,954-784-2039
827,Reba,Haglinton,rhaglintonmy@wikimedia.org,786-766-8169
828,Larissa,Strangeway,lstrangewaymz@illinois.edu,944-494-0133
829,Candie,Woosnam,cwoosnamn0@e-recht24.de,373-433-4294
830,Brina,Shortell,bshortelln1@kickstarter.com,939-506-8850
831,Thalia,West,twestn2@oakley.com,379-785-8253
832,Boote,Vedyasov,bvedyasovn3@google.com.au,292-321-7680
833,Phylis,Mathouse,pmathousen4@archive.org,379-209-4096
834,Francine,Dumbleton,fdumbletonn5@npr.org,355-110-6814
835,Van,Caris,vcarisn6@phoca.cz,557-840-5070
836,Winona,Struan,wstruann7@msn.com,622-248-7865
837,Jacintha,Crafter,jcraftern8@indiegogo.com,208-375-3945
838,Leonid,Habgood,lhabgoodn9@wsj.com,578-546-0622
839,Almira,Deplacido,adeplacidona@tinypic.com,434-530-2484
840,Kip,Daudray,kdaudraynb@reference.com,360-878-8850
841,Silvain,Swatten,sswattennc@ft.com,880-257-6127
842,Hillyer,Beers,hbeersnd@businesswire.com,896-102-7188
843,Willy,Tender,wtenderne@friendfeed.com,394-100-3785
844,My,Blooman,mbloomannf@census.gov,176-886-7057
845,Lesley,Brock,lbrockng@cbsnews.com,355-209-4734
846,Patrice,Atwill,patwillnh@uiuc.edu,125-777-4977
847,Thorvald,Ellum,tellumni@mysql.com,486-628-1415
848,Dorry,Crichmer,dcrichmernj@amazon.de,735-822-5033
849,Jania,Pool,jpoolnk@cloudflare.com,463-852-5850
850,Karna,Feldhuhn,kfeldhuhnnl@businessinsider.com,301-927-4500
851,Noak,Dixey,ndixeynm@unicef.org,429-103-0868
852,Brynna,Briscoe,bbriscoenn@youku.com,977-737-7727
853,Clara,Rosoni,crosonino@skype.com,186-145-7540
854,Garreth,Pellew,gpellewnp@nymag.com,154-276-1804
855,Ban,Smyth,bsmythnq@w3.org,423-233-6012
856,Guthry,Fidler,gfidlernr@plala.or.jp,584-387-2288
857,Janith,Hynde,jhyndens@fda.gov,951-825-8984
858,Fransisco,Tonbye,ftonbyent@bigcartel.com,801-187-1629
859,Pattie,Kennard,pkennardnu@comcast.net,602-198-4655
860,Nestor,Bondy,nbondynv@columbia.edu,187-484-9031
861,Kenna,Sieve,ksievenw@smugmug.com,295-659-1300
862,Massimo,Elecum,melecumnx@unicef.org,449-994-2261
863,Garv,Flury,gfluryny@bing.com,824-869-7004
864,Armand,Aucock,aaucocknz@nhs.uk,835-883-3493
865,Kylen,Lotterington,klotteringtono0@mlb.com,999-767-8138
866,Thedric,Scocroft,tscocrofto1@hubpages.com,845-339-7342
867,Opalina,Welbrock,owelbrocko2@ted.com,440-528-1829
868,Haven,Hayton,hhaytono3@marketwatch.com,577-878-0043
869,Drugi,Domniney,ddomnineyo4@boston.com,840-524-9784
870,Elisha,Lis,eliso5@infoseek.co.jp,265-608-7223
871,Cordell,Brogioni,cbrogionio6@tiny.cc,879-608-8284
872,Van,Lorence,vlorenceo7@spiegel.de,548-361-2034
873,Melamie,Pigram,mpigramo8@msu.edu,648-710-1410
874,Prue,Foote,pfooteo9@bandcamp.com,665-754-9914
875,Vida,Noonan,vnoonanoa@thetimes.co.uk,650-330-7047
876,Joni,Freeborn,jfreebornob@bravesites.com,718-832-6453
877,Arte,Essery,aesseryoc@reference.com,401-447-8412
878,Osgood,Lordon,olordonod@1688.com,606-374-0303
879,Rorke,Gerty,rgertyoe@census.gov,573-300-6507
880,Robinett,Thow,rthowof@dailymotion.com,682-966-4901
881,Feliza,Elleyne,felleyneog@diigo.com,233-870-8437
882,Cobb,Halward,chalwardoh@bigcartel.com,987-832-6480
883,Dannye,Ivermee,divermeeoi@fema.gov,594-560-7365
884,Halsey,Rushton,hrushtonoj@archive.org,423-942-6887
885,Carmon,Weller,cwellerok@lulu.com,445-574-9955
886,Karen,Cisar,kcisarol@archive.org,275-413-1834
887,Nero,Loomes,nloomesom@dagondesign.com,895-221-6012
888,Eleen,Caldes,ecaldeson@zimbio.com,146-488-9842
889,Dominick,MacCrossan,dmaccrossanoo@w3.org,805-955-6421
890,Lovell,Dunklee,ldunkleeop@dagondesign.com,904-548-2719
891,Trace,Dungey,tdungeyoq@is.gd,173-931-8868
892,Hadleigh,Graysmark,hgraysmarkor@hostgator.com,836-365-9882
893,Coleen,Rydzynski,crydzynskios@google.com.au,826-264-2013
894,Stewart,Clemendet,sclemendetot@hao123.com,602-684-3192
895,Fara,Sneaker,fsneakerou@statcounter.com,242-812-0547
896,Pamelina,Bonaire,pbonaireov@flickr.com,916-256-2692
897,Sandra,Leuchars,sleucharsow@example.com,753-745-9222
898,Marisa,Martinelli,mmartinelliox@unicef.org,875-643-8725
899,Breanne,Pettipher,bpettipheroy@prlog.org,485-857-1038
900,Neda,Dodge,ndodgeoz@army.mil,735-899-1995
901,Conway,Colleer,ccolleerp0@epa.gov,217-270-1238
902,Pet,Douche,pdouchep1@economist.com,808-974-5377
903,Stacee,Getty,sgettyp2@cnet.com,420-761-6137
904,Dacey,Durdle,ddurdlep3@over-blog.com,660-706-9994
905,Marylynne,Happert,mhappertp4@paginegialle.it,777-474-6590
906,Bonnibelle,Clissold,bclissoldp5@wiley.com,919-530-7044
907,Rosalinda,Himpson,rhimpsonp6@buzzfeed.com,313-274-9747
908,Bartholomew,Grayson,bgraysonp7@tinypic.com,513-714-9561
909,Rivalee,Ackrill,rackrillp8@chron.com,484-424-6377
910,Dilly,Archibald,darchibaldp9@foxnews.com,747-390-6911
911,Rana,Winscomb,rwinscombpa@jigsy.com,801-460-4435
912,Timothy,Spurriar,tspurriarpb@nba.com,858-416-1273
913,Herold,Pregel,hpregelpc@jiathis.com,829-732-4523
914,Pate,Busek,pbusekpd@columbia.edu,638-989-4038
915,Dorothy,Sucre,dsucrepe@arstechnica.com,479-635-4453
916,Binni,Townrow,btownrowpf@51.la,530-311-7845
917,Marijn,Hugnin,mhugninpg@nih.gov,105-306-2637
918,Tomi,Abela,tabelaph@surveymonkey.com,762-209-3024
919,Paule,Hucks,phuckspi@tinyurl.com,372-474-9466
920,Bealle,Hele,bhelepj@usda.gov,274-705-0165
921,Merrily,Playle,mplaylepk@ezinearticles.com,268-454-0297
922,Maxy,Martini,mmartinipl@issuu.com,291-559-0558
923,Norrie,Lieb,nliebpm@google.com.br,175-142-3813
924,Calv,Culvey,cculveypn@hexun.com,158-412-4600
925,Calli,Follacaro,cfollacaropo@amazon.co.uk,762-369-6630
926,Emmaline,Shanklin,eshanklinpp@wufoo.com,469-775-4191
927,Koenraad,Dufoure,kdufourepq@weebly.com,815-579-7441
928,Matty,Boyan,mboyanpr@princeton.edu,118-473-7694
929,Tiena,Albrighton,talbrightonps@amazon.co.jp,614-345-3748
930,Kerk,Rathe,krathept@wikia.com,750-378-2055
931,Parker,Glasebrook,pglasebrookpu@mozilla.com,661-683-4241
932,Hermon,Abate,habatepv@dropbox.com,965-475-9003
933,Vitia,Trinbey,vtrinbeypw@home.pl,109-480-3067
934,Warden,Firebrace,wfirebracepx@furl.net,397-380-3013
935,Clareta,Hens,chenspy@comsenz.com,202-186-9976
936,Crissie,Feirn,cfeirnpz@mozilla.com,915-383-7043
937,Vonni,Theurer,vtheurerq0@va.gov,237-220-2348
938,Roselle,Esplin,resplinq1@merriam-webster.com,726-626-4285
939,Koenraad,Rowan,krowanq2@chron.com,981-134-9774
940,Elly,Lympany,elympanyq3@icq.com,623-141-4357
941,Kippy,Crichton,kcrichtonq4@theatlantic.com,778-449-6381
942,Sanson,Stangroom,sstangroomq5@deliciousdays.com,593-139-7173
943,Olav,Laing,olaingq6@bloglines.com,364-372-9030
944,Jourdain,Rue,jrueq7@nih.gov,751-772-4542
945,Deane,McKibbin,dmckibbinq8@nature.com,186-986-9852
946,Elsinore,McInteer,emcinteerq9@alibaba.com,643-866-0711
947,Nonna,Pauls,npaulsqa@clickbank.net,944-521-4708
948,Meaghan,Biskupski,mbiskupskiqb@usatoday.com,135-309-1124
949,Genovera,De Blase,gdeblaseqc@chron.com,864-180-8934
950,Calida,Rolley,crolleyqd@columbia.edu,851-128-0737
951,Janot,McMillian,jmcmillianqe@statcounter.com,667-796-7944
952,Carleton,Brandham,cbrandhamqf@friendfeed.com,914-880-4277
953,Natalie,Monday,nmondayqg@ebay.com,368-263-8092
954,Carita,Oliveti,colivetiqh@princeton.edu,786-103-8815
955,Martie,Jendas,mjendasqi@exblog.jp,406-753-8521
956,Mersey,Currm,mcurrmqj@google.cn,798-823-8879
957,Merna,Rignall,mrignallqk@printfriendly.com,301-861-7854
958,Etti,Pettko,epettkoql@paypal.com,326-939-7596
959,Miguela,Urquhart,murquhartqm@webmd.com,747-606-3429
960,Gabi,Stockoe,gstockoeqn@t.co,798-284-0974
961,Bone,Sprowell,bsprowellqo@usa.gov,463-880-7312
962,Valeda,Polding,vpoldingqp@canalblog.com,712-780-9678
963,Keely,Farbrace,kfarbraceqq@illinois.edu,365-705-7741
964,Claresta,Veazey,cveazeyqr@studiopress.com,455-466-2369
965,Faber,Bradmore,fbradmoreqs@liveinternet.ru,713-150-9471
966,Whitman,Raigatt,wraigattqt@nydailynews.com,306-557-5347
967,Jesse,Epton,jeptonqu@indiegogo.com,939-950-6629
968,Felike,Gransden,fgransdenqv@behance.net,353-819-2470
969,Lenard,MacColl,lmaccollqw@jimdo.com,885-676-8425
970,Linnea,Bliss,lblissqx@stanford.edu,417-660-1783
971,Eve,Phettis,ephettisqy@nbcnews.com,189-803-8586
972,Berne,Bliven,bblivenqz@ameblo.jp,875-781-6747
973,Lanny,Matches,lmatchesr0@howstuffworks.com,972-800-1191
974,Damian,Clewett,dclewettr1@themeforest.net,453-229-1020
975,Ariana,Grevel,agrevelr2@gravatar.com,482-644-6918
976,Lin,Wonter,lwonterr3@icio.us,738-918-5408
977,Odell,Nowlan,onowlanr4@omniture.com,585-291-4926
978,Reinaldo,Mongin,rmonginr5@smugmug.com,433-307-2985
979,Godwin,Keson,gkesonr6@flavors.me,713-385-5609
980,Ibrahim,Claiton,iclaitonr7@vkontakte.ru,439-747-2317
981,Aguie,Rogers,arogersr8@aol.com,502-641-6263
982,Allsun,Burgwin,aburgwinr9@weebly.com,969-331-3470
983,Lia,Lloyd,llloydra@sina.com.cn,868-144-1411
984,Currey,Broggelli,cbroggellirb@squidoo.com,872-836-4251
985,Forrester,Funcheon,ffuncheonrc@chronoengine.com,866-872-7564
986,Brett,Kinsey,bkinseyrd@yandex.ru,402-860-2059
987,Rafaelita,Bartusek,rbartusekre@state.tx.us,951-667-8429
988,Mahalia,Mannooch,mmannoochrf@rakuten.co.jp,113-532-7862
989,Rutledge,Matuskiewicz,rmatuskiewiczrg@fastcompany.com,674-429-0208
990,Barrett,Cavozzi,bcavozzirh@163.com,321-542-4112
991,Janith,Loddon,jloddonri@businesswire.com,445-591-1666
992,Kingston,Rosendale,krosendalerj@opensource.org,943-501-3632
993,Lon,Boost,lboostrk@illinois.edu,304-862-7338
994,Farleigh,Cardenas,fcardenasrl@w3.org,285-883-3358
995,Jsandye,Krollmann,jkrollmannrm@wordpress.org,506-969-6031
996,Keith,MacGahy,kmacgahyrn@mit.edu,970-697-4935
997,Gabi,Lammin,glamminro@scribd.com,754-400-9248
998,Gay,Screase,gscreaserp@newyorker.com,885-338-1605
999,Bibbie,Lorand,blorandrq@un.org,238-841-3524
1000,Dennet,Reuter,dreuterrr@rediff.com,582-830-4459
